TWOU,2U Inc,NASDAQ
ABMD,ABIOMED Inc,NASDAQ
ACAD,ACADIA Pharmaceuticals Inc,NASDAQ
ACIW,ACI Worldwide Inc,NASDAQ
ATVI,Activision Blizzard Inc,NASDAQ
ADBE,Adobe Inc,NASDAQ
AMD,Advanced Micro Devices Inc,NASDAQ
AGIO,Agios Pharmaceuticals Inc,NASDAQ
AGNC,AGNC Investment Corp,NASDAQ
AKAM,Akamai Technologies Inc,NASDAQ
ALXN,Alexion Pharmaceuticals Inc,NASDAQ
ALGN,Align Technology Inc,NASDAQ
ALKS,Alkermes plc,NASDAQ
LNT,Alliant Energy Corporation,NASDAQ
ALLO,Allogene Therapeutics Inc,NASDAQ
ALNY,Alnylam Pharmaceuticals Inc,NASDAQ
GOOG,Alphabet Inc,NASDAQ
GOOGL,Alphabet Inc,NASDAQ
AABA,Altaba Inc,NASDAQ
AMRN,Amarin Corporation plc,NASDAQ
AMZN,Amazoncom Inc,NASDAQ
DOX,Amdocs Limited,NASDAQ
AMED,Amedisys Inc,NASDAQ
UHAL,Amerco,NASDAQ
AMOV,America Movil SAB de CV,NASDAQ
AAL,American Airlines Group Inc,NASDAQ
AMGN,Amgen Inc,NASDAQ
ADI,Analog Devices Inc,NASDAQ
ANGI,ANGI Homeservices Inc,NASDAQ
ANSS,ANSYS Inc,NASDAQ
AAPL,Apple Inc,NASDAQ
AMAT,Applied Materials Inc,NASDAQ
ACGL,Arch Capital Group Ltd,NASDAQ
ARCC,Ares Capital Corporation,NASDAQ
ARRY,Array BioPharma Inc,NASDAQ
ARRS,ARRIS International plc,NASDAQ
ASND,Ascendis Pharma A/S,NASDAQ
ASML,ASML Holding NV,NASDAQ
AZPN,Aspen Technology Inc,NASDAQ
TEAM,Atlassian Corporation Plc,NASDAQ
ADSK,Autodesk Inc,NASDAQ
ADP,Automatic Data Processing Inc,NASDAQ
AVT,Avnet Inc,NASDAQ
BIDU,Baidu Inc,NASDAQ
OZK,Bank OZK,NASDAQ
GOLD,Barrick Gold Corporation,NASDAQ
BGNE,BeiGene Ltd,NASDAQ
BIIB,Biogen Inc,NASDAQ
BMRN,BioMarin Pharmaceutical Inc,NASDAQ
TECH,Bio-Techne Corp,NASDAQ
BLKB,Blackbaud Inc,NASDAQ
BLUE,bluebird bio Inc,NASDAQ
BPMC,Blueprint Medicines Corporation,NASDAQ
BOKF,BOK Financial Corporation,NASDAQ
BKNG,Booking Holdings Inc,NASDAQ
BHF,Brighthouse Financial Inc,NASDAQ
AVGO,Broadcom Inc,NASDAQ
BPY,Brookfield Property Partners LP,NASDAQ
BPR,Brookfield Property REIT Inc,NASDAQ
BRKR,Bruker Corporation,NASDAQ
CHRW,CH Robinson Worldwide Inc,NASDAQ
CDNS,Cadence Design Systems Inc,NASDAQ
CZR,Caesars Entertainment Corporation,NASDAQ
CARG,CarGurus Inc,NASDAQ
CASY,Caseys General Stores Inc,NASDAQ
CBOE,Cboe Global Markets Inc,NASDAQ
CDK,CDK Global Inc,NASDAQ
CDW,CDW Corporation,NASDAQ
CELG,Celgene Corporation,NASDAQ
CERN,Cerner Corporation,NASDAQ
CHTR,Charter Communications Inc,NASDAQ
CHKP,Check Point Software Technologies Ltd,NASDAQ
CBPO,China Biologic Products Holdings Inc,NASDAQ
CHDN,Churchill Downs Incorporated,NASDAQ
CINF,Cincinnati Financial Corporation,NASDAQ
CTAS,Cintas Corporation,NASDAQ
CSCO,Cisco Systems Inc,NASDAQ
CTXS,Citrix Systems Inc,NASDAQ
CME,CME Group Inc,NASDAQ
CGNX,Cognex Corporation,NASDAQ
CTSH,Cognizant Technology Solutions Corporation,NASDAQ
COHR,Coherent Inc,NASDAQ
COLM,Columbia Sportswear Company,NASDAQ
CMCSA,Comcast Corporation,NASDAQ
CBSH,Commerce Bancshares Inc,NASDAQ
COMM,CommScope Holding Company Inc,NASDAQ
CPRT,Copart Inc,NASDAQ
CSGP,CoStar Group Inc,NASDAQ
COST,Costco Wholesale Corporation,NASDAQ
COUP,Coupa Software Incorporated,NASDAQ
CVET,Covetrus Inc,NASDAQ
CBRL,Cracker Barrel Old Country Store Inc,NASDAQ
CACC,Credit Acceptance Corporation,NASDAQ
CREE,Cree Inc,NASDAQ
CRON,Cronos Group Inc,NASDAQ
CSX,CSX Corporation,NASDAQ
CTRP,Ctripcom International Ltd,NASDAQ
CYBR,CyberArk Software Ltd,NASDAQ
CY,Cypress Semiconductor Corporation,NASDAQ
CONE,CyrusOne Inc,NASDAQ
XRAY,DENTSPLY SIRONA Inc,NASDAQ
DXCM,DexCom Inc,NASDAQ
FANG,Diamondback Energy Inc,NASDAQ
DISCA,Discovery Inc,NASDAQ
DISCK,Discovery Inc,NASDAQ
DISH,DISH Network Corporation,NASDAQ
DOCU,DocuSign Inc,NASDAQ
DLTR,Dollar Tree Inc,NASDAQ
DBX,Dropbox Inc,NASDAQ
DNKN,Dunkin&#39; Brands Group Inc,NASDAQ
ETFC,E*TRADE Financial Corporation,NASDAQ
EWBC,East West Bancorp Inc,NASDAQ
EBAY,eBay Inc,NASDAQ
ESLT,Elbit Systems Ltd,NASDAQ
ERI,Eldorado Resorts Inc,NASDAQ
EA,Electronic Arts Inc,NASDAQ
ESGR,Enstar Group Limited,NASDAQ
ENTG,Entegris Inc,NASDAQ
EQIX,Equinix Inc,NASDAQ
ERIE,Erie Indemnity Company,NASDAQ
ETSY,Etsy Inc,NASDAQ
EEFT,Euronet Worldwide Inc,NASDAQ
EXAS,Exact Sciences Corporation,NASDAQ
EXEL,Exelixis Inc,NASDAQ
EXPE,Expedia Group Inc,NASDAQ
EXPD,Expeditors International of Washington Inc,NASDAQ
STAY,Extended Stay America Inc,NASDAQ
FFIV,F5 Networks Inc,NASDAQ
FB,Facebook Inc,NASDAQ
FAST,Fastenal Company,NASDAQ
FGEN,FibroGen Inc,NASDAQ
FITB,Fifth Third Bancorp,NASDAQ
FEYE,FireEye Inc,NASDAQ
FCNCA,First Citizens BancShares Inc,NASDAQ
FFIN,First Financial Bankshares Inc,NASDAQ
FHB,First Hawaiian Inc,NASDAQ
FSLR,First Solar Inc,NASDAQ
FTSM,First Trust Enhanced Short Maturity ETF,NASDAQ
FCFS,FirstCash Inc,NASDAQ
FISV,Fiserv Inc,NASDAQ
FIVE,Five Below Inc,NASDAQ
FLEX,Flex Ltd,NASDAQ
FLIR,FLIR Systems Inc,NASDAQ
FTNT,Fortinet Inc,NASDAQ
FOX,Fox Corporation,NASDAQ
FOXA,Fox Corporation,NASDAQ
GLPI,Gaming and Leisure Properties Inc,NASDAQ
GRMN,Garmin Ltd,NASDAQ
GLIBA,GCI Liberty Inc,NASDAQ
GNTX,Gentex Corporation,NASDAQ
GILD,Gilead Sciences Inc,NASDAQ
GBCI,Glacier Bancorp Inc,NASDAQ
LOPE,Grand Canyon Education Inc,NASDAQ
GH,Guardant Health Inc,NASDAQ
GWPH,GW Pharmaceuticals Plc,NASDAQ
HWC,Hancock Whitney Corporation,NASDAQ
HAS,Hasbro Inc,NASDAQ
HDS,HD Supply Holdings Inc,NASDAQ
HQY,HealthEquity Inc,NASDAQ
HSIC,Henry Schein Inc,NASDAQ
HOLX,Hologic Inc,NASDAQ
HZNP,Horizon Pharma plc,NASDAQ
HPT,Hospitality Properties Trust,NASDAQ
HTHT,Huazhu Group Limited,NASDAQ
HUNT,Hunter Maritime Acquisition Corp,NASDAQ
HBAN,Huntington Bancshares Incorporated,NASDAQ
IAC,IAC/InterActiveCorp,NASDAQ
IBKC,IBERIABANK Corporation,NASDAQ
IEP,Icahn Enterprises LP,NASDAQ
ICLR,ICON plc,NASDAQ
ICUI,ICU Medical Inc,NASDAQ
IDXX,IDEXX Laboratories Inc,NASDAQ
INFO,IHS Markit Ltd,NASDAQ
ILMN,Illumina Inc,NASDAQ
IMMU,Immunomedics Inc,NASDAQ
INCY,Incyte Corporation,NASDAQ
PODD,Insulet Corporation,NASDAQ
IART,Integra LifeSciences Holdings Corporation,NASDAQ
INTC,Intel Corporation,NASDAQ
INTU,Intuit Inc,NASDAQ
ISRG,Intuitive Surgical Inc,NASDAQ
QQQ,Invesco QQQ Trust Series 1,NASDAQ
ISBC,Investors Bancorp Inc,NASDAQ
IONS,Ionis Pharmaceuticals Inc,NASDAQ
IPGP,IPG Photonics Corporation,NASDAQ
IQ,iQIYI Inc,NASDAQ
SHY,iShares 1-3 Year Treasury Bond ETF,NASDAQ
TLT,iShares 20+ Year Treasury Bond ETF,NASDAQ
IEI,iShares 3-7 Year Treasury Bond ETF,NASDAQ
IEF,iShares 7-10 Year Treasury Bond ETF,NASDAQ
IXUS,iShares Core MSCI Total International Stock ETF,NASDAQ
IUSG,iShares Core S&P US Growth ETF,NASDAQ
IUSV,iShares Core S&P US Value ETF,NASDAQ
IGIB,iShares Intermediate-Term Corporate Bond ETF,NASDAQ
EMB,iShares JP Morgan USD Emerging Markets Bond ETF,NASDAQ
MBB,iShares MBS ETF,NASDAQ
ACWX,iShares MSCI ACWI ex US Index Fund,NASDAQ
ACWI,iShares MSCI ACWI Index Fund,NASDAQ
AAXJ,iShares MSCI All Country Asia ex Japan Index Fund,NASDAQ
MCHI,iShares MSCI China ETF,NASDAQ
SCZ,iShares MSCI EAFE Small-Cap ETF,NASDAQ
IBB,iShares Nasdaq Biotechnology Index Fund,NASDAQ
PFF,iShares Preferred and Income Securities ETF,NASDAQ
IJT,iShares S&P Small-Cap 600 Growth ETF,NASDAQ
DVY,iShares Select Dividend ETF,NASDAQ
SHV,iShares Short Treasury Bond ETF,NASDAQ
IGSB,iShares Short-Term Corporate Bond ETF,NASDAQ
JBHT,JB Hunt Transport Services Inc,NASDAQ
JCOM,j2 Global Inc,NASDAQ
JKHY,Jack Henry & Associates Inc,NASDAQ
JAZZ,Jazz Pharmaceuticals plc,NASDAQ
JD,JDcom Inc,NASDAQ
JBLU,JetBlue Airways Corporation,NASDAQ
KLAC,KLA-Tencor Corporation,NASDAQ
LRCX,Lam Research Corporation,NASDAQ
LAMR,Lamar Advertising Company,NASDAQ
LANC,Lancaster Colony Corporation,NASDAQ
LSTR,Landstar System Inc,NASDAQ
LAUR,Laureate Education Inc,NASDAQ
TREE,LendingTree Inc,NASDAQ
LHCG,LHC Group,NASDAQ
LBRDA,Liberty Broadband Corporation,NASDAQ
LBRDK,Liberty Broadband Corporation,NASDAQ
LBTYA,Liberty Global plc,NASDAQ
LBTYB,Liberty Global plc,NASDAQ
LBTYK,Liberty Global plc,NASDAQ
LILA,Liberty Latin America Ltd,NASDAQ
LILAK,Liberty Latin America Ltd,NASDAQ
FWONK,Liberty Media Corporation,NASDAQ
LSXMA,Liberty Media Corporation,NASDAQ
LSXMK,Liberty Media Corporation,NASDAQ
LECO,Lincoln Electric Holdings Inc,NASDAQ
LFUS,Littelfuse Inc,NASDAQ
LIVN,LivaNova PLC,NASDAQ
LKQ,LKQ Corporation,NASDAQ
LOGI,Logitech International SA,NASDAQ
LOGM,LogMein Inc,NASDAQ
LPLA,LPL Financial Holdings Inc,NASDAQ
LULU,lululemon athletica inc,NASDAQ
LITE,Lumentum Holdings Inc,NASDAQ
LYFT,Lyft Inc,NASDAQ
MANH,Manhattan Associates Inc,NASDAQ
MKTX,MarketAxess Holdings Inc,NASDAQ
MAR,Marriott International,NASDAQ
MRVL,Marvell Technology Group Ltd,NASDAQ
MASI,Masimo Corporation,NASDAQ
MTCH,Match Group Inc,NASDAQ
MAT,Mattel Inc,NASDAQ
MXIM,Maxim Integrated Products Inc,NASDAQ
MDSO,Medidata Solutions Inc,NASDAQ
MLCO,Melco Resorts & Entertainment Limited,NASDAQ
MLNX,Mellanox Technologies Ltd,NASDAQ
MELI,MercadoLibre Inc,NASDAQ
MMSI,Merit Medical Systems Inc,NASDAQ
MEOH,Methanex Corporation,NASDAQ
MCHP,Microchip Technology Incorporated,NASDAQ
MU,Micron Technology Inc,NASDAQ
MSFT,Microsoft Corporation,NASDAQ
TIGO,Millicom International Cellular SA,NASDAQ
MKSI,MKS Instruments Inc,NASDAQ
MRNA,Moderna Inc,NASDAQ
MOMO,Momo Inc,NASDAQ
MDLZ,Mondelez International Inc,NASDAQ
MDB,MongoDB Inc,NASDAQ
MPWR,Monolithic Power Systems Inc,NASDAQ
MNST,Monster Beverage Corporation,NASDAQ
MORN,Morningstar Inc,NASDAQ
MYL,Mylan NV,NASDAQ
NDAQ,Nasdaq Inc,NASDAQ
NATI,National Instruments Corporation,NASDAQ
NKTR,Nektar Therapeutics,NASDAQ
NTAP,NetApp Inc,NASDAQ
NTES,NetEase Inc,NASDAQ
NFLX,Netflix Inc,NASDAQ
NBIX,Neurocrine Biosciences Inc,NASDAQ
NWL,Newell Brands Inc,NASDAQ
NWS,News Corporation,NASDAQ
NWSA,News Corporation,NASDAQ
NXST,Nexstar Media Group Inc,NASDAQ
NICE,NICE Ltd,NASDAQ
NDSN,Nordson Corporation,NASDAQ
NTRS,Northern Trust Corporation,NASDAQ
NTRSP,Northern Trust Corporation,NASDAQ
NCLH,Norwegian Cruise Line Holdings Ltd,NASDAQ
NVCR,NovoCure Limited,NASDAQ
NUAN,Nuance Communications Inc,NASDAQ
NTNX,Nutanix Inc,NASDAQ
NVDA,NVIDIA Corporation,NASDAQ
NXPI,NXP Semiconductors NV,NASDAQ
OKTA,Okta Inc,NASDAQ
ODFL,Old Dominion Freight Line Inc,NASDAQ
OLLI,Ollie&#39;s Bargain Outlet Holdings Inc,NASDAQ
ON,ON Semiconductor Corporation,NASDAQ
OTEX,Open Text Corporation,NASDAQ
ORLY,O&#39;Reilly Automotive Inc,NASDAQ
PCAR,PACCAR Inc,NASDAQ
PACW,PacWest Bancorp,NASDAQ
PAYX,Paychex Inc,NASDAQ
PCTY,Paylocity Holding Corporation,NASDAQ
PYPL,PayPal Holdings Inc,NASDAQ
PEGA,Pegasystems Inc,NASDAQ
PBCT,People&#39;s United Financial Inc,NASDAQ
PEP,Pepsico Inc,NASDAQ
PPC,Pilgrim&#39;s Pride Corporation,NASDAQ
PNFP,Pinnacle Financial Partners Inc,NASDAQ
PS,Pluralsight Inc,NASDAQ
POOL,Pool Corporation,NASDAQ
BPOP,Popular Inc,NASDAQ
PRAH,PRA Health Sciences Inc,NASDAQ
PFG,Principal Financial Group Inc,NASDAQ
PFPT,Proofpoint Inc,NASDAQ
TQQQ,ProShares UltraPro QQQ,NASDAQ
PTC,PTC Inc,NASDAQ
QGEN,Qiagen NV,NASDAQ
QRVO,Qorvo Inc,NASDAQ
QCOM,QUALCOMM Incorporated,NASDAQ
QRTEA,Qurate Retail Inc,NASDAQ
QRTEB,Qurate Retail Inc,NASDAQ
RP,RealPage Inc,NASDAQ
REG,Regency Centers Corporation,NASDAQ
REGN,Regeneron Pharmaceuticals Inc,NASDAQ
ROKU,Roku Inc,NASDAQ
ROST,Ross Stores Inc,NASDAQ
RGLD,Royal Gold Inc,NASDAQ
RYAAY,Ryanair Holdings plc,NASDAQ
SBRA,Sabra Health Care REIT Inc,NASDAQ
SABR,Sabre Corporation,NASDAQ
SAGE,Sage Therapeutics Inc,NASDAQ
SNY,Sanofi,NASDAQ
SRPT,Sarepta Therapeutics Inc,NASDAQ
SBAC,SBA Communications Corporation,NASDAQ
STX,Seagate Technology PLC,NASDAQ
SGEN,Seattle Genetics Inc,NASDAQ
SEIC,SEI Investments Company,NASDAQ
SIGI,Selective Insurance Group Inc,NASDAQ
SMTC,Semtech Corporation,NASDAQ
SBNY,Signature Bank,NASDAQ
SLAB,Silicon Laboratories Inc,NASDAQ
SINA,Sina Corporation,NASDAQ
SBGI,Sinclair Broadcast Group Inc,NASDAQ
SIRI,Sirius XM Holdings Inc,NASDAQ
SWKS,Skyworks Solutions Inc,NASDAQ
SLM,SLM Corporation,NASDAQ
ONCE,Spark Therapeutics Inc,NASDAQ
SAVE,Spirit Airlines Inc,NASDAQ
SPLK,Splunk Inc,NASDAQ
SSNC,SS&C Technologies Holdings Inc,NASDAQ
SBUX,Starbucks Corporation,NASDAQ
STLD,Steel Dynamics Inc,NASDAQ
SRCL,Stericycle Inc,NASDAQ
STNE,StoneCo Ltd,NASDAQ
SIVB,SVB Financial Group,NASDAQ
SYMC,Symantec Corporation,NASDAQ
SYNH,Syneos Health Inc,NASDAQ
SNPS,Synopsys Inc,NASDAQ
TROW,T Rowe Price Group Inc,NASDAQ
TTWO,Take-Two Interactive Software Inc,NASDAQ
TNDM,Tandem Diabetes Care Inc,NASDAQ
AMTD,TD Ameritrade Holding Corporation,NASDAQ
TECD,Tech Data Corporation,NASDAQ
TER,Teradyne Inc,NASDAQ
TSLA,Tesla Inc ,NASDAQ
TXN,Texas Instruments Incorporated,NASDAQ
TXRH,Texas Roadhouse Inc,NASDAQ
TFSL,TFS Financial Corporation,NASDAQ
CG,The Carlyle Group LP,NASDAQ
GT,The Goodyear Tire & Rubber Company,NASDAQ
KHC,The Kraft Heinz Company,NASDAQ
MSG,The Madison Square Garden Company,NASDAQ
MIDD,The Middleby Corporation,NASDAQ
TSG,The Stars Group Inc,NASDAQ
TTD,The Trade Desk Inc,NASDAQ
ULTI,The Ultimate Software Group Inc,NASDAQ
TLRY,Tilray Inc,NASDAQ
TMUS,T-Mobile US Inc,NASDAQ
TSCO,Tractor Supply Company,NASDAQ
TRMB,Trimble Inc,NASDAQ
TRIP,TripAdvisor Inc,NASDAQ
UBNT,Ubiquiti Networks Inc,NASDAQ
ULTA,Ulta Beauty Inc,NASDAQ
RARE,Ultragenyx Pharmaceutical Inc,NASDAQ
UMPQ,Umpqua Holdings Corporation,NASDAQ
UBSI,United Bankshares Inc,NASDAQ
UAL,United Continental Holdings Inc,NASDAQ
UTHR,United Therapeutics Corporation,NASDAQ
OLED,Universal Display Corporation,NASDAQ
VNQI,Vanguard Global ex-US Real Estate ETF,NASDAQ
VCIT,Vanguard Intermediate-Term Corporate Bond ETF,NASDAQ
VGIT,Vanguard Intermediate-Term Treasury ETF,NASDAQ
VMBS,Vanguard Mortgage-Backed Securities ETF,NASDAQ
VCSH,Vanguard Short-Term Corporate Bond ETF,NASDAQ
VTIP,Vanguard Short-Term Inflation-Protected Securities Index Fund,NASDAQ
VGSH,Vanguard Short-Term Treasury ETF,NASDAQ
BND,Vanguard Total Bond Market ETF,NASDAQ
BNDX,Vanguard Total International Bond ETF,NASDAQ
VXUS,Vanguard Total International Stock ETF,NASDAQ
VRNT,Verint Systems Inc,NASDAQ
VRSN,VeriSign Inc,NASDAQ
VRSK,Verisk Analytics Inc,NASDAQ
VRTX,Vertex Pharmaceuticals Incorporated,NASDAQ
VIA,Viacom Inc,NASDAQ
VIAB,Viacom Inc,NASDAQ
VSAT,ViaSat Inc,NASDAQ
VNOM,Viper Energy Partners LP,NASDAQ
VIRT,Virtu Financial Inc,NASDAQ
VOD,Vodafone Group Plc,NASDAQ
WBA,Walgreens Boots Alliance Inc,NASDAQ
WB,Weibo Corporation,NASDAQ
WEN,Wendy&#39;s Company (The),NASDAQ
WDC,Western Digital Corporation,NASDAQ
WLTW,Willis Towers Watson Public Limited Company,NASDAQ
WTFC,Wintrust Financial Corporation,NASDAQ
WIX,Wixcom Ltd,NASDAQ
WWD,Woodward Inc,NASDAQ
WDAY,Workday Inc,NASDAQ
WMGI,Wright Medical Group NV,NASDAQ
WYNN,Wynn Resorts Limited,NASDAQ
XEL,Xcel Energy Inc,NASDAQ
XLNX,Xilinx Inc,NASDAQ
YNDX,Yandex NV,NASDAQ
YY,YY Inc,NASDAQ
ZBRA,Zebra Technologies Corporation,NASDAQ
Z,Zillow Group Inc,NASDAQ
ZG,Zillow Group Inc,NASDAQ
ZION,Zions Bancorporation NA,NASDAQ
ZS,Zscaler Inc,NASDAQ
ZNGA,Zynga Inc,NASDAQ
MMM,3M Company,NYSE
WUBA,58com Inc,NYSE
AOS,AO Smith Corporation,NYSE
AAN,Aaron&#39;s  Inc,NYSE
ABB,ABB Ltd,NYSE
ABT,Abbott Laboratories,NYSE
ABBV,AbbVie Inc,NYSE
ACN,Accenture plc,NYSE
AYI,Acuity Brands Inc ,NYSE
ADT,ADT Inc,NYSE
AAP,Advance Auto Parts Inc,NYSE
ACM,AECOM,NYSE
AEG,Aegon NV,NYSE
AER,Aercap Holdings NV,NYSE
AMG,Affiliated Managers Group Inc,NYSE
AFL,Aflac Incorporated,NYSE
AGCO,AGCO Corporation,NYSE
A,Agilent Technologies Inc,NYSE
AEM,Agnico Eagle Mines Limited,NYSE
AL,Air Lease Corporation,NYSE
APD,Air Products and Chemicals Inc,NYSE
ALK,Alaska Air Group Inc,NYSE
ALB,Albemarle Corporation,NYSE
AA,Alcoa Corporation,NYSE
ARE,Alexandria Real Estate Equities Inc,NYSE
AQN,Algonquin Power & Utilities Corp,NYSE
BABA,Alibaba Group Holding Limited,NYSE
Y,Alleghany Corporation,NYSE
ALLE,Allegion plc,NYSE
AGN,Allergan plc,NYSE
ALE,Allete Inc,NYSE
ADS,Alliance Data Systems Corporation,NYSE
ALSN,Allison Transmission Holdings Inc,NYSE
ALL,Allstate Corporation (The),NYSE
ALLY,Ally Financial Inc,NYSE
AYX,Alteryx Inc,NYSE
ATUS,Altice USA Inc,NYSE
MO,Altria Group,NYSE
ACH,Aluminum Corporation of China Limited,NYSE
ABEV,Ambev SA,NYSE
AEE,Ameren Corporation,NYSE
AMOV,America Movil SAB de CV,NYSE
AMX,America Movil SAB de CV,NYSE
ACC,American Campus Communities Inc,NYSE
AEO,American Eagle Outfitters Inc,NYSE
AEP,American Electric Power Company Inc,NYSE
AXP,American Express Company,NYSE
AFG,American Financial Group Inc,NYSE
AMH,American Homes 4 Rent,NYSE
AIG,American International Group Inc,NYSE
AMT,American Tower Corporation (REIT),NYSE
AWK,American Water Works,NYSE
COLD,Americold Realty Trust,NYSE
AMP,AMERIPRISE FINANCIAL SERVICES INC,NYSE
ABC,AmerisourceBergen Corporation (Holding Co),NYSE
APH,Amphenol Corporation,NYSE
AME,AMTEK Inc,NYSE
APC,Anadarko Petroleum Corporation,NYSE
PLAN,Anaplan Inc,NYSE
ANDX,Andeavor Logistics LP,NYSE
AU,AngloGold Ashanti Limited,NYSE
BUD,Anheuser-Busch Inbev SA,NYSE
NLY,Annaly Capital Management Inc,NYSE
AM,Antero Midstream Corporation,NYSE
ANTM,Anthem Inc,NYSE
AON,Aon plc,NYSE
APA,Apache Corporation,NYSE
AIV,Apartment Investment and Management Company,NYSE
APO,Apollo Global Management LLC,NYSE
APLE,Apple Hospitality REIT Inc,NYSE
ATR,AptarGroup Inc,NYSE
APTV,Aptiv PLC,NYSE
WTR,Aqua America Inc,NYSE
ARMK,Aramark,NYSE
MT,ArcelorMittal,NYSE
ADM,Archer-Daniels-Midland Company,NYSE
ARNC,Arconic Inc,NYSE
ANET,Arista Networks Inc,NYSE
AWI,Armstrong World Industries Inc,NYSE
ARW,Arrow Electronics Inc,NYSE
AJG,Arthur J Gallagher & Co,NYSE
ASX,ASE Technology Holding Co Ltd,NYSE
ASGN,ASGN Incorporated,NYSE
ASH,Ashland Global Holdings Inc,NYSE
ASB,Associated Banc-Corp,NYSE
AIZ,Assurant Inc,NYSE
AGO,Assured Guaranty Ltd,NYSE
AZN,Astrazeneca PLC,NYSE
T,AT&T Inc,NYSE
ATH,Athene Holding Ltd,NYSE
ATO,Atmos Energy Corporation,NYSE
AUO,AU Optronics Corp,NYSE
ACB,Aurora Cannabis Inc,NYSE
ATHM,Autohome Inc,NYSE
ALV,Autoliv Inc,NYSE
AZO,AutoZone Inc,NYSE
AVLR,Avalara Inc,NYSE
AVB,AvalonBay Communities Inc,NYSE
AGR,Avangrid Inc,NYSE
AVY,Avery Dennison Corporation,NYSE
EQH,AXA Equitable Holdings Inc,NYSE
AXTA,Axalta Coating Systems Ltd,NYSE
AXS,Axis Capital Holdings Limited,NYSE
AZUL,Azul SA,NYSE
BHGE,Baker Hughes a GE company,NYSE
BLL,Ball Corporation,NYSE
BBVA,Banco Bilbao Viscaya Argentaria SA,NYSE
BBD,Banco Bradesco Sa,NYSE
BBDO,Banco Bradesco Sa,NYSE
BCH,Banco De Chile,NYSE
BSBR,Banco Santander Brasil SA,NYSE
BSAC,Banco Santander Chile,NYSE
BSMX,Banco Santander Mexico SA Institucion de Ban,NYSE
SAN,Banco Santander SA,NYSE
CIB,BanColombia SA,NYSE
BAC,Bank of America Corporation,NYSE
BMO,Bank Of Montreal,NYSE
BK,Bank Of New York Mellon Corporation (The),NYSE
BNS,Bank of Nova Scotia (The),NYSE
BKU,BankUnited Inc,NYSE
BCS,Barclays PLC,NYSE
GOLD,Barrick Gold Corporation,NYSE
BHC,Bausch Health Companies Inc,NYSE
BAX,Baxter International Inc,NYSE
BBT,BB&T Corporation,NYSE
BCE,BCE Inc,NYSE
BDX,Becton Dickinson and Company,NYSE
BMS,Bemis Company Inc,NYSE
BERY,Berry Global Group Inc,NYSE
BBY,Best Buy Co Inc,NYSE
BHP,BHP Group Limited,NYSE
BBL,BHP Group Plc,NYSE
BIO,Bio-Rad Laboratories Inc,NYSE
BJ,BJ&#39;s Wholesale Club Holdings Inc,NYSE
BKH,Black Hills Corporation,NYSE
BKI,Black Knight Inc,NYSE
BSM,Black Stone Minerals LP,NYSE
BB,BlackBerry Limited,NYSE
BLK,BlackRock Inc,NYSE
BA,Boeing Company (The),NYSE
BAH,Booz Allen Hamilton Holding Corporation,NYSE
BWA,BorgWarner Inc,NYSE
SAM,Boston Beer Company Inc (The),NYSE
BXP,Boston Properties Inc,NYSE
BSX,Boston Scientific Corporation,NYSE
BP,BP plc,NYSE
BAK,Braskem SA,NYSE
BRFS,BRF SA,NYSE
BFAM,Bright Horizons Family Solutions Inc,NYSE
BCO,Brink&#39;s Company (The),NYSE
BMY,Bristol-Myers Squibb Company,NYSE
BTI,British American Tobacco plc,NYSE
BRX,Brixmor Property Group Inc,NYSE
BR,Broadridge Financial Solutions Inc,NYSE
BAM,Brookfield Asset Management Inc,NYSE
BIP,Brookfield Infrastructure Partners LP,NYSE
BEP,Brookfield Renewable Partners LP,NYSE
BRO,Brown & Brown Inc,NYSE
BC,Brunswick Corporation,NYSE
BT,BT Group plc,NYSE
BPL,Buckeye Partners LP,NYSE
BVN,Buenaventura Mining Company Inc,NYSE
BG,Bunge Limited,NYSE
BURL,Burlington Stores Inc,NYSE
BWXT,BWX Technologies Inc,NYSE
CABO,Cable One Inc,NYSE
COG,Cabot Oil & Gas Corporation,NYSE
CACI,CACI International Inc,NYSE
CAE,CAE Inc,NYSE
CPT,Camden Property Trust,NYSE
CCJ,Cameco Corporation,NYSE
CPB,Campbell Soup Company,NYSE
CM,Canadian Imperial Bank of Commerce,NYSE
CNI,Canadian National Railway Company,NYSE
CNQ,Canadian Natural Resources Limited,NYSE
CP,Canadian Pacific Railway Limited,NYSE
CAJ,Canon Inc,NYSE
CGC,Canopy Growth Corporation,NYSE
COF,Capital One Financial Corporation,NYSE
BXMT,Capital Trust Inc,NYSE
CPRI,Capri Holdings Limited,NYSE
CAH,Cardinal Health Inc,NYSE
CSL,Carlisle Companies Incorporated,NYSE
KMX,CarMax Inc,NYSE
CCL,Carnival Corporation,NYSE
CUK,Carnival Corporation,NYSE
CRI,Carter&#39;s Inc,NYSE
CTLT,Catalent Inc,NYSE
CAT,Caterpillar Inc,NYSE
CBRE,CBRE Group Inc,NYSE
CBS,CBS Corporation,NYSE
CE,Celanese Corporation,NYSE
CX,Cemex SAB de CV,NYSE
CVE,Cenovus Energy Inc,NYSE
CNC,Centene Corporation,NYSE
CNP,CenterPoint Energy Inc,NYSE
EBR,Centrais Electricas Brasileiras SA- Eletrobras,NYSE
CTL,CenturyLink Inc,NYSE
CDAY,Ceridian HCM Holding Inc,NYSE
CF,CF Industries Holdings Inc,NYSE
GIB,CGI Inc,NYSE
CRL,Charles River Laboratories International Inc,NYSE
CHGG,Chegg Inc,NYSE
CHE,Chemed Corp,NYSE
CC,Chemours Company (The),NYSE
CHK,Chesapeake Energy Corporation,NYSE
CVX,Chevron Corporation,NYSE
CIM,Chimera Investment Corporation,NYSE
CEA,China Eastern Airlines Corporation Ltd,NYSE
LFC,China Life Insurance Company Limited,NYSE
CHL,China Mobile (Hong Kong) Ltd,NYSE
SNP,China Petroleum & Chemical Corporation,NYSE
ZNH,China Southern Airlines Company Limited,NYSE
CHA,China Telecom Corp Ltd,NYSE
CHU,China Unicom (Hong Kong) Ltd,NYSE
CMG,Chipotle Mexican Grill Inc,NYSE
CHH,Choice Hotels International Inc,NYSE
CB,Chubb Limited,NYSE
CHT,Chunghwa Telecom Co Ltd,NYSE
CHD,Church & Dwight Company Inc,NYSE
CIEN,Ciena Corporation,NYSE
CI,Cigna Corporation,NYSE
XEC,Cimarex Energy Co,NYSE
CNK,Cinemark Holdings Inc,NYSE
CIT,CIT Group Inc (DEL),NYSE
C,Citigroup Inc,NYSE
CFG,Citizens Financial Group Inc,NYSE
CLH,Clean Harbors Inc,NYSE
CLX,Clorox Company (The),NYSE
CMS,CMS Energy Corporation,NYSE
CNA,CNA Financial Corporation,NYSE
CNHI,CNH Industrial NV,NYSE
KOF,Coca Cola Femsa SAB de CV,NYSE
KO,Coca-Cola Company (The),NYSE
CCEP,Coca-Cola European Partners plc,NYSE
CFX,Colfax Corporation,NYSE
CMA,Comerica Incorporated,NYSE
CIG,Comp En De Mn Cemig ADS,NYSE
CBD,Companhia Brasileira de Distribuicao,NYSE
SBS,Companhia de saneamento Basico Do Estado De Sao Paulo - Sabesp,NYSE
CCU,Compania Cervecerias Unidas SA,NYSE
CAG,ConAgra Brands Inc,NYSE
CXO,Concho Resources Inc,NYSE
COP,ConocoPhillips,NYSE
ED,Consolidated Edison Inc,NYSE
STZ,Constellation Brands Inc,NYSE
CLR,Continental Resources Inc,NYSE
CPA,Copa Holdings SA,NYSE
COR,CoreSite Realty Corporation,NYSE
GLW,Corning Incorporated,NYSE
COTY,Coty Inc,NYSE
CUZ,Cousins Properties Incorporated,NYSE
CPL,CPFL Energia SA,NYSE
CR,Crane Co,NYSE
BAP,Credicorp Ltd,NYSE
CS,Credit Suisse Group,NYSE
CRH,CRH PLC,NYSE
CCI,Crown Castle International Corporation,NYSE
CCK,Crown Holdings Inc,NYSE
CUBE,CubeSmart,NYSE
CFR,Cullen/Frost Bankers Inc,NYSE
CMI,Cummins Inc,NYSE
CW,Curtiss-Wright Corporation,NYSE
CWK,Cushman & Wakefield plc,NYSE
CVI,CVR Energy Inc,NYSE
CVS,CVS Health Corporation,NYSE
DHI,DR Horton Inc,NYSE
DHR,Danaher Corporation,NYSE
DRI,Darden Restaurants Inc,NYSE
DAR,Darling Ingredients Inc,NYSE
DVA,DaVita Inc,NYSE
DCP,DCP Midstream LP,NYSE
DECK,Deckers Outdoor Corporation,NYSE
DE,Deere & Company,NYSE
DELL,Dell Technologies Inc,NYSE
DAL,Delta Air Lines Inc,NYSE
DB,Deutsche Bank AG,NYSE
DVN,Devon Energy Corporation,NYSE
DEO,Diageo plc,NYSE
DLR,Digital Realty Trust Inc,NYSE
DFS,Discover Financial Services,NYSE
DLB,Dolby Laboratories,NYSE
DG,Dollar General Corporation,NYSE
D,Dominion Energy Inc,NYSE
DPZ,Domino&#39;s Pizza Inc,NYSE
DCI,Donaldson Company Inc,NYSE
DEI,Douglas Emmett Inc,NYSE
DOV,Dover Corporation,NYSE
DWDP,DowDuPont Inc,NYSE
RDY,Dr Reddy&#39;s Laboratories Ltd,NYSE
DTE,DTE Energy Company,NYSE
DUK,Duke Energy Corporation,NYSE
DRE,Duke Realty Corporation,NYSE
DXC,DXC Technology Company,NYSE
EXP,Eagle Materials Inc,NYSE
EGP,EastGroup Properties Inc,NYSE
EMN,Eastman Chemical Company,NYSE
ETN,Eaton Corporation PLC,NYSE
EV,Eaton Vance Corporation,NYSE
ECL,Ecolab Inc,NYSE
EC,Ecopetrol SA,NYSE
EIX,Edison International,NYSE
EW,Edwards Lifesciences Corporation,NYSE
ELAN,Elanco Animal Health Incorporated,NYSE
ESTC,Elastic NV,NYSE
LLY,Eli Lilly and Company,NYSE
ELLI,Ellie Mae Inc,NYSE
ERJ,Embraer SA,NYSE
EME,EMCOR Group Inc,NYSE
EMR,Emerson Electric Company,NYSE
ESRT,Empire State Realty Trust Inc,NYSE
ENBL,Enable Midstream Partners LP,NYSE
ENB,Enbridge Inc,NYSE
ECA,Encana Corporation,NYSE
EHC,Encompass Health Corporation,NYSE
ENIA,Enel Americas SA,NYSE
ENIC,Enel Chile SA,NYSE
ET,Energy Transfer LP,NYSE
E,ENI SpA,NYSE
ENLC,EnLink Midstream LLC,NYSE
ETR,Entergy Corporation,NYSE
EPD,Enterprise Products Partners LP,NYSE
EOG,EOG Resources Inc,NYSE
EPAM,EPAM Systems Inc,NYSE
EPR,EPR Properties,NYSE
EQM,EQM Midstream Partners LP,NYSE
EQT,EQT Corporation,NYSE
EFX,Equifax Inc,NYSE
EQNR,Equinor ASA,NYSE
ETRN,Equitrans Midstream Corporation,NYSE
EQC,Equity Commonwealth,NYSE
ELS,Equity Lifestyle Properties Inc,NYSE
EQR,Equity Residential,NYSE
ESNT,Essent Group Ltd,NYSE
ESS,Essex Property Trust Inc,NYSE
EL,Estee Lauder Companies Inc (The),NYSE
EVR,Evercore Inc,NYSE
RE,Everest Re Group Ltd,NYSE
EVRG,Evergy Inc,NYSE
ES,Eversource Energy,NYSE
EXC,Exelon Corporation,NYSE
EXR,Extra Space Storage Inc,NYSE
XOM,Exxon Mobil Corporation,NYSE
FNB,FNB Corporation,NYSE
FDS,FactSet Research Systems Inc,NYSE
FICO,Fair Isaac Corporation,NYSE
FTCH,Farfetch Limited,NYSE
FRT,Federal Realty Investment Trust,NYSE
FDX,FedEx Corporation,NYSE
RACE,Ferrari NV,NYSE
FCAU,Fiat Chrysler Automobiles NV,NYSE
FNF,Fidelity National Financial Inc,NYSE
FIS,Fidelity National Information Services Inc,NYSE
FAF,First American Corporation (The),NYSE
FDC,First Data Corporation,NYSE
FHN,First Horizon National Corporation,NYSE
FR,First Industrial Realty Trust Inc,NYSE
FRC,FIRST REPUBLIC BANK,NYSE
FE,FirstEnergy Corp,NYSE
FLT,FleetCor Technologies Inc,NYSE
FND,Floor & Decor Holdings Inc,NYSE
FLO,Flowers Foods Inc,NYSE
FLS,Flowserve Corporation,NYSE
FLR,Fluor Corporation,NYSE
FMC,FMC Corporation,NYSE
FMX,Fomento Economico Mexicano SAB de CV,NYSE
FL,Foot Locker Inc,NYSE
F,Ford Motor Company,NYSE
FTS,Fortis Inc,NYSE
FTV,Fortive Corporation,NYSE
FBHS,Fortune Brands Home & Security Inc,NYSE
FNV,Franco-Nevada Corporation,NYSE
BEN,Franklin Resources Inc,NYSE
FCX,Freeport-McMoran Inc,NYSE
FMS,Fresenius Medical Care Corporation,NYSE
GPS,Gap Inc (The),NYSE
GDI,Gardner Denver Holdings Inc,NYSE
IT,Gartner Inc,NYSE
GTES,Gates Industrial Corporation plc,NYSE
GD,General Dynamics Corporation,NYSE
GE,General Electric Company,NYSE
GIS,General Mills Inc,NYSE
GM,General Motors Company,NYSE
GWR,Genesee & Wyoming Inc,NYSE
G,Genpact Limited,NYSE
GPC,Genuine Parts Company,NYSE
GGB,Gerdau SA,NYSE
GIL,Gildan Activewear Inc,NYSE
GSK,GlaxoSmithKline PLC,NYSE
GPN,Global Payments Inc,NYSE
GMED,Globus Medical Inc,NYSE
GDDY,GoDaddy Inc,NYSE
GG,Goldcorp Inc,NYSE
GS,Goldman Sachs Group Inc (The),NYSE
GGG,Graco Inc,NYSE
EAF,GrafTech International Ltd,NYSE
GPK,Graphic Packaging Holding Company,NYSE
GRUB,GrubHub Inc,NYSE
PAC,Grupo Aeroportuario Del Pacifico SA de CV,NYSE
ASR,Grupo Aeroportuario del Sureste SA de CV,NYSE
AVAL,Grupo Aval Acciones y Valores SA,NYSE
TV,Grupo Televisa SA,NYSE
GWRE,Guidewire Software Inc,NYSE
HRB,H&R Block Inc,NYSE
HAE,Haemonetics Corporation,NYSE
HAL,Halliburton Company,NYSE
HBI,Hanesbrands Inc,NYSE
HOG,Harley-Davidson Inc,NYSE
HRS,Harris Corporation,NYSE
HIG,Hartford Financial Services Group Inc (The),NYSE
HE,Hawaiian Electric Industries Inc,NYSE
HCA,HCA Healthcare Inc,NYSE
HCP,HCP Inc,NYSE
HDB,HDFC Bank Limited,NYSE
HR,Healthcare Realty Trust Incorporated,NYSE
HTA,Healthcare Trust of America Inc,NYSE
HEI,Heico Corporation,NYSE
HP,Helmerich & Payne Inc,NYSE
HLF,Herbalife Nutrition Ltd,NYSE
HSY,Hershey Company (The),NYSE
HES,Hess Corporation,NYSE
HPE,Hewlett Packard Enterprise Company,NYSE
HXL,Hexcel Corporation,NYSE
HIW,Highwoods Properties Inc,NYSE
HRC,Hill-Rom Holdings Inc,NYSE
HLT,Hilton Worldwide Holdings Inc,NYSE
HFC,HollyFrontier Corporation,NYSE
HD,Home Depot Inc (The),NYSE
HMC,Honda Motor Company Ltd,NYSE
HON,Honeywell International Inc,NYSE
HRL,Hormel Foods Corporation,NYSE
HST,Host Hotels & Resorts Inc,NYSE
HHC,Howard Hughes Corporation (The),NYSE
HPQ,HP Inc,NYSE
HSBC,HSBC Holdings plc,NYSE
HNP,Huaneng Power International Inc,NYSE
HUBB,Hubbell Inc,NYSE
HUBS,HubSpot Inc,NYSE
HPP,Hudson Pacific Properties Inc,NYSE
HUM,Humana Inc,NYSE
HII,Huntington Ingalls Industries Inc,NYSE
HUN,Huntsman Corporation,NYSE
HUYA,HUYA Inc,NYSE
H,Hyatt Hotels Corporation,NYSE
IBN,ICICI Bank Limited,NYSE
IDA,IDACORP Inc,NYSE
IEX,IDEX Corporation,NYSE
ITW,Illinois Tool Works Inc,NYSE
INFY,Infosys Limited,NYSE
ING,ING Group NV,NYSE
IR,Ingersoll-Rand plc (Ireland),NYSE
NGVT,Ingevity Corporation,NYSE
INGR,Ingredion Incorporated,NYSE
NSP,Insperity Inc,NYSE
ICE,Intercontinental Exchange Inc,NYSE
IHG,Intercontinental Hotels Group,NYSE
IBM,International Business Machines Corporation,NYSE
IFF,International Flavors & Fragrances Inc,NYSE
IP,International Paper Company,NYSE
IPG,Interpublic Group of Companies Inc (The),NYSE
INXN,InterXion Holding NV,NYSE
IVZ,Invesco Plc,NYSE
INVH,Invitation Homes Inc,NYSE
IQV,IQVIA Holdings Inc,NYSE
IRM,Iron Mountain Incorporated,NYSE
ICL,Israel Chemicals Shs,NYSE
ITCB,Ita? CorpBanca,NYSE
ITUB,Itau Unibanco Banco Holding SA,NYSE
ITT,ITT Inc,NYSE
JPM,J P Morgan Chase & Co,NYSE
SJM,JM Smucker Company (The),NYSE
JBL,Jabil Inc,NYSE
JEC,Jacobs Engineering Group Inc,NYSE
JHX,James Hardie Industries plc,NYSE
JHG,Janus Henderson Group plc,NYSE
JBGS,JBG SMITH Properties,NYSE
JEF,Jefferies Financial Group Inc,NYSE
JNJ,Johnson & Johnson,NYSE
JCI,Johnson Controls International plc,NYSE
JLL,Jones Lang LaSalle Incorporated,NYSE
JNPR,Juniper Networks Inc,NYSE
KSU,Kansas City Southern,NYSE
KAR,KAR Auction Services Inc,NYSE
KB,KB Financial Group Inc,NYSE
K,Kellogg Company,NYSE
KMPR,Kemper Corporation,NYSE
KDP,Keurig Dr Pepper Inc,NYSE
KEY,KeyCorp,NYSE
KEYS,Keysight Technologies Inc,NYSE
KRC,Kilroy Realty Corporation,NYSE
KMB,Kimberly-Clark Corporation,NYSE
KIM,Kimco Realty Corporation,NYSE
KMI,Kinder Morgan Inc,NYSE
KGC,Kinross Gold Corporation,NYSE
KEX,Kirby Corporation,NYSE
KL,Kirkland Lake Gold Ltd,NYSE
KKR,KKR & Co Inc,NYSE
KNX,Knight Transportation Inc,NYSE
KSS,Kohl&#39;s Corporation,NYSE
PHG,Koninklijke Philips NV,NYSE
KEP,Korea Electric Power Corporation,NYSE
KR,Kroger Company (The),NYSE
KT,KT Corporation,NYSE
LB,L Brands Inc,NYSE
LLL,L3 Technologies Inc,NYSE
LH,Laboratory Corporation of America Holdings,NYSE
LW,Lamb Weston Holdings Inc,NYSE
LVS,Las Vegas Sands Corp,NYSE
LTM,LATAM Airlines Group SA,NYSE
LAZ,Lazard Ltd,NYSE
LEA,Lear Corporation,NYSE
LEG,Leggett & Platt Incorporated,NYSE
LDOS,Leidos Holdings Inc,NYSE
LEN,Lennar Corporation,NYSE
LII,Lennox International Inc,NYSE
LPL,LG Display Co Ltd,NYSE
LPT,Liberty Property Trust,NYSE
LSI,Life Storage Inc,NYSE
LNC,Lincoln National Corporation,NYSE
LIN,Linde plc,NYSE
LN,LINE Corporation,NYSE
LYV,Live Nation Entertainment Inc,NYSE
RAMP,LiveRamp Holdings Inc,NYSE
LYG,Lloyds Banking Group Plc,NYSE
LMT,Lockheed Martin Corporation,NYSE
L,Loews Corporation,NYSE
LOW,Lowe&#39;s Companies Inc,NYSE
LYB,LyondellBasell Industries NV,NYSE
MTB,M&T Bank Corporation,NYSE
MAC,Macerich Company (The),NYSE
MIC,Macquarie Infrastructure Corporation ,NYSE
M,Macy&#39;s Inc,NYSE
MMP,Magellan Midstream Partners LP,NYSE
MGA,Magna International Inc,NYSE
MAN,ManpowerGroup,NYSE
MFC,Manulife Financial Corp,NYSE
MRO,Marathon Oil Corporation,NYSE
MPC,Marathon Petroleum Corporation,NYSE
MKL,Markel Corporation,NYSE
VAC,Marriot Vacations Worldwide Corporation,NYSE
MMC,Marsh & McLennan Companies Inc,NYSE
MLM,Martin Marietta Materials Inc,NYSE
MAS,Masco Corporation,NYSE
MTZ,MasTec Inc,NYSE
MA,Mastercard Incorporated,NYSE
MMS,Maximus Inc,NYSE
MKC,McCormick & Company Incorporated,NYSE
MCD,McDonald&#39;s Corporation,NYSE
MCK,McKesson Corporation,NYSE
MDU,MDU Resources Group Inc,NYSE
MPW,Medical Properties Trust Inc,NYSE
MDT,Medtronic plc,NYSE
MRK,Merck & Company Inc,NYSE
MET,MetLife Inc,NYSE
MTD,Mettler-Toledo International Inc,NYSE
MTG,MGIC Investment Corporation,NYSE
MGM,MGM Resorts International,NYSE
MFGP,Micro Focus Intl PLC,NYSE
MAA,Mid-America Apartment Communities Inc,NYSE
MUFG,Mitsubishi UFJ Financial Group Inc,NYSE
MFG,Mizuho Financial Group Inc,NYSE
MBT,Mobile TeleSystems OJSC,NYSE
MHK,Mohawk Industries Inc,NYSE
MOH,Molina Healthcare Inc,NYSE
TAP,Molson Coors Brewing  Company,NYSE
MCO,Moody&#39;s Corporation,NYSE
MS,Morgan Stanley,NYSE
MOS,Mosaic Company (The),NYSE
MSI,Motorola Solutions Inc,NYSE
MPLX,MPLX LP,NYSE
MSA,MSA Safety Incorporporated,NYSE
MSM,MSC Industrial Direct Company Inc,NYSE
MSCI,MSCI Inc,NYSE
MUR,Murphy Oil Corporation,NYSE
NFG,National Fuel Gas Company,NYSE
NGG,National Grid Transco PLC,NYSE
NHI,National Health Investors Inc,NYSE
NOV,National Oilwell Varco Inc,NYSE
NNN,National Retail Properties,NYSE
SID,National Steel Company,NYSE
NCR,NCR Corporation,NYSE
EDU,New Oriental Education & Technology Group Inc,NYSE
NEWR,New Relic Inc,NYSE
NRZ,New Residential Investment Corp,NYSE
NYCB,New York Community Bancorp Inc,NYSE
NYT,New York Times Company (The),NYSE
NJR,NewJersey Resources Corporation,NYSE
NEU,NewMarket Corporation,NYSE
NEM,Newmont Mining Corporation,NYSE
NEE,NextEra Energy Inc,NYSE
NLSN,Nielsen NV,NYSE
NKE,Nike Inc,NYSE
NIO,NIO Inc,NYSE
NI,NiSource Inc,NYSE
NBL,Noble Energy Inc,NYSE
NOK,Nokia Corporation,NYSE
NOMD,Nomad Foods Limited,NYSE
NMR,Nomura Holdings Inc ADR,NYSE
JWN,Nordstrom Inc,NYSE
NSC,Norfolk Souther Corporation,NYSE
NOC,Northrop Grumman Corporation,NYSE
NWE,NorthWestern Corporation,NYSE
NCLH,Norwegian Cruise Line Holdings Ltd,NYSE
NVS,Novartis AG,NYSE
NVO,Novo Nordisk A/S,NYSE
NRG,NRG Energy Inc,NYSE
NUE,Nucor Corporation,NYSE
NTR,Nutrien Ltd,NYSE
NEA,Nuveen AMT-Free Quality Municipal Income Fund,NYSE
NVT,nVent Electric plc,NYSE
NVR,NVR Inc,NYSE
OAK,Oaktree Capital Group LLC,NYSE
OXY,Occidental Petroleum Corporation,NYSE
OGE,OGE Energy Corp,NYSE
ORI,Old Republic International Corporation,NYSE
OLN,Olin Corporation,NYSE
OHI,Omega Healthcare Investors Inc,NYSE
OMC,Omnicom Group Inc,NYSE
OGS,ONE Gas Inc,NYSE
OMF,OneMain Holdings Inc,NYSE
OKE,ONEOK Inc,NYSE
ORCL,Oracle Corporation,NYSE
ORAN,Orange,NYSE
IX,Orix Corp Ads,NYSE
OSK,Oshkosh Corporation,NYSE
OC,Owens Corning Inc,NYSE
PCG,Pacific Gas & Electric Co,NYSE
PKG,Packaging Corporation of America,NYSE
PAGS,PagSeguro Digital Ltd,NYSE
PANW,Palo Alto Networks Inc,NYSE
PGRE,Paramount Group Inc,NYSE
PK,Park Hotels & Resorts Inc,NYSE
PH,Parker-Hannifin Corporation,NYSE
PE,Parsley Energy Inc,NYSE
PAYC,Paycom Software Inc,NYSE
PBF,PBF Energy Inc,NYSE
PSO,Pearson Plc,NYSE
PEB,Pebblebrook Hotel Trust,NYSE
PBA,Pembina Pipeline Corp,NYSE
PAG,Penske Automotive Group Inc,NYSE
PNR,Pentair plc,NYSE
PEN,Penumbra Inc,NYSE
PFGC,Performance Food Group Company,NYSE
PKI,PerkinElmer Inc,NYSE
PRGO,Perrigo Company,NYSE
PRSP,Perspecta Inc,NYSE
PTR,PetroChina Company Limited,NYSE
PBR,Petroleo Brasileiro SA- Petrobras,NYSE
PFE,Pfizer Inc,NYSE
PM,Philip Morris International Inc,NYSE
PSX,Phillips 66,NYSE
PSXP,Phillips 66 Partners LP,NYSE
DOC,Physicians Realty Trust,NYSE
PNW,Pinnacle West Capital Corporation,NYSE
PXD,Pioneer Natural Resources Company,NYSE
PAA,Plains All American Pipeline LP,NYSE
PAGP,Plains Group Holdings LP,NYSE
PLNT,Planet Fitness Inc,NYSE
PHI,PLDT Inc,NYSE
PNC,PNC Financial Services Group Inc (The),NYSE
PNM,PNM Resources Inc (Holding Co),NYSE
PII,Polaris Industries Inc,NYSE
POR,Portland General Electric Company,NYSE
PKX,POSCO,NYSE
POST,Post Holdings Inc,NYSE
PPG,PPG Industries Inc,NYSE
PPL,PPL Corporation,NYSE
PRI,Primerica Inc,NYSE
PG,Procter & Gamble Company (The),NYSE
PGR,Progressive Corporation (The),NYSE
PLD,Prologis Inc,NYSE
PB,Prosperity Bancshares Inc,NYSE
PRU,Prudential Financial Inc,NYSE
PUK,Prudential Public Limited Company,NYSE
PSB,PS Business Parks Inc,NYSE
TLK,PT Telekomunikasi Indonesia Tbk,NYSE
PEG,Public Service Enterprise Group Incorporated,NYSE
PSA,Public Storage,NYSE
PHM,PulteGroup Inc,NYSE
PSTG,Pure Storage Inc ,NYSE
PVH,PVH Corp,NYSE
QGEN,Qiagen NV,NYSE
PWR,Quanta Services Inc,NYSE
DGX,Quest Diagnostics Incorporated,NYSE
RDN,Radian Group Inc,NYSE
RL,Ralph Lauren Corporation,NYSE
RJF,Raymond James Financial Inc,NYSE
RYN,Rayonier Inc,NYSE
RTN,Raytheon Company,NYSE
O,Realty Income Corporation,NYSE
RHT,Red Hat Inc,NYSE
RBC,Regal Beloit Corporation,NYSE
RF,Regions Financial Corporation,NYSE
RGA,Reinsurance Group of America Incorporated,NYSE
RS,Reliance Steel & Aluminum Co,NYSE
RELX,RELX PLC,NYSE
RNR,RenaissanceRe Holdings Ltd,NYSE
RSG,Republic Services Inc,NYSE
RMD,ResMed Inc,NYSE
QSR,Restaurant Brands International Inc,NYSE
REXR,Rexford Industrial Realty Inc,NYSE
RNG,Ringcentral Inc,NYSE
RIO,Rio Tinto Plc,NYSE
RBA,Ritchie Bros Auctioneers Incorporated,NYSE
RHI,Robert Half International Inc,NYSE
ROK,Rockwell Automation Inc,NYSE
RCI,Rogers Communication Inc,NYSE
ROL,Rollins Inc,NYSE
ROP,Roper Technologies Inc,NYSE
RY,Royal Bank Of Canada,NYSE
RBS,Royal Bank Scotland plc (The),NYSE
RCL,Royal Caribbean Cruises Ltd,NYSE
RPM,RPM International Inc,NYSE
R,Ryder System Inc,NYSE
RHP,Ryman Hospitality Properties Inc,NYSE
SPGI,S&P Global Inc,NYSE
CRM,Salesforcecom Inc,NYSE
SC,Santander Consumer USA Holdings Inc,NYSE
SAP,SAP SE,NYSE
SSL,Sasol Ltd,NYSE
SLB,Schlumberger NV,NYSE
SNDR,Schneider National Inc,NYSE
SAIC,SCIENCE APPLICATIONS INTERNATIONAL CORPORATION,NYSE
SMG,Scotts Miracle-Gro Company (The),NYSE
SE,Sea Limited,NYSE
SEE,Sealed Air Corporation,NYSE
SMI,Semiconductor  Manufacturing International Corporation,NYSE
SRE,Sempra Energy,NYSE
ST,Sensata Technologies Holding plc,NYSE
SCI,Service Corporation International,NYSE
SERV,ServiceMaster Global Holdings Inc,NYSE
NOW,ServiceNow Inc,NYSE
SJR,Shaw Communications Inc,NYSE
SHLX,Shell Midstream Partners LP,NYSE
SHW,Sherwin-Williams Company (The),NYSE
SHG,Shinhan Financial Group Co Ltd,NYSE
SHOP,Shopify Inc,NYSE
SPG,Simon Property Group Inc,NYSE
SHI,SINOPEC Shangai Petrochemical Company Ltd,NYSE
SIX,Six Flags Entertainment Corporation New,NYSE
SKM,SK Telecom Co Ltd,NYSE
SKX,Skechers USA Inc,NYSE
SLG,SL Green Realty Corp,NYSE
SNN,Smith & Nephew SNATS Inc,NYSE
SNAP,Snap Inc,NYSE
SNA,Snap-On Incorporated,NYSE
SQM,Sociedad Quimica y Minera SA,NYSE
SWI,SolarWinds Corporation,NYSE
SON,Sonoco Products Company,NYSE
SNE,Sony Corp Ord,NYSE
SO,Southern Company (The),NYSE
SCCO,Southern Copper Corporation,NYSE
LUV,Southwest Airlines Company,NYSE
SWX,Southwest Gas Holdings Inc,NYSE
SR,Spire Inc,NYSE
SPR,Spirit Aerosystems Holdings Inc,NYSE
SAVE,Spirit Airlines Inc,NYSE
SRC,Spirit Realty Capital Inc,NYSE
SPOT,Spotify Technology SA,NYSE
S,Sprint Corporation,NYSE
SQ,Square Inc,NYSE
STAG,Stag Industrial Inc,NYSE
SWK,Stanley Black & Decker Inc,NYSE
STWD,STARWOOD PROPERTY TRUST INC,NYSE
STT,State Street Corporation,NYSE
STE,STERIS plc,NYSE
STL,Sterling Bancorp,NYSE
SF,Stifel Financial Corporation,NYSE
STM,STMicroelectronics NV,NYSE
STOR,STORE Capital Corporation,NYSE
SYK,Stryker Corporation,NYSE
SMFG,Sumitomo Mitsui Financial Group Inc,NYSE
SUI,Sun Communities Inc,NYSE
SLF,Sun Life Financial Inc,NYSE
SU,Suncor Energy  Inc,NYSE
STI,SunTrust Banks Inc,NYSE
SUZ,Suzano Papel e Celulose SA,NYSE
SYF,Synchrony Financial,NYSE
SNX,Synnex Corporation,NYSE
SNV,Synovus Financial Corp,NYSE
SYY,Sysco Corporation,NYSE
DATA,Tableau Software Inc,NYSE
TSM,Taiwan Semiconductor Manufacturing Company Ltd,NYSE
TAK,Takeda Pharmaceutical Company Limited,NYSE
TAL,TAL Education Group,NYSE
TGE,Tallgrass Energy LP,NYSE
TPR,Tapestry Inc,NYSE
TRGP,Targa Resources Inc,NYSE
TGT,Target Corporation,NYSE
TARO,Taro Pharmaceutical Industries Ltd,NYSE
TTM,Tata Motors Ltd,NYSE
TCF,TCF Financial Corporation,NYSE
TEL,TE Connectivity Ltd,NYSE
FTI,TechnipFMC plc,NYSE
TECK,Teck Resources Ltd,NYSE
TDOC,Teladoc Health Inc,NYSE
TI,Telecom Italia SPA,NYSE
TDY,Teledyne Technologies Incorporated,NYSE
TFX,Teleflex Incorporated,NYSE
VIV,Telefonica Brasil SA,NYSE
TEF,Telefonica SA,NYSE
TDS,Telephone and Data Systems Inc,NYSE
TU,TELUS Corporation,NYSE
TS,Tenaris SA,NYSE
TME,Tencent Music Entertainment Group,NYSE
TDC,Teradata Corporation,NYSE
TX,Ternium SA,NYSE
TEVA,Teva Pharmaceutical Industries Limited,NYSE
TPL,Texas Pacific Land Trust,NYSE
TXT,Textron Inc,NYSE
AES,The AES Corporation,NYSE
BX,The Blackstone Group LP,NYSE
SCHW,The Charles Schwab Corporation,NYSE
COO,The Cooper Companies Inc ,NYSE
THG,The Hanover Insurance Group Inc,NYSE
MSG,The Madison Square Garden Company,NYSE
TRV,The Travelers Companies Inc,NYSE
TMO,Thermo Fisher Scientific Inc,NYSE
TRI,Thomson Reuters Corp,NYSE
THO,Thor Industries Inc,NYSE
TIF,Tiffany & Co,NYSE
TSU,TIM Participacoes SA,NYSE
TKR,Timken Company (The),NYSE
TJX,TJX Companies Inc (The),NYSE
TOL,Toll Brothers Inc,NYSE
TMK,Torchmark Corporation,NYSE
TTC,Toro Company (The),NYSE
TD,Toronto Dominion Bank (The),NYSE
TOT,Total SA,NYSE
TSS,Total System Services Inc,NYSE
TM,Toyota Motor Corp Ltd Ord,NYSE
TRP,TransCanada Corporation,NYSE
TDG,Transdigm Group Incorporated,NYSE
RIG,Transocean Ltd,NYSE
TRU,TransUnion,NYSE
THS,Treehouse Foods Inc,NYSE
TREX,Trex Company Inc,NYSE
TRCO,Tribune Media Company,NYSE
TNET,TriNet Group Inc,NYSE
TKC,Turkcell Iletisim Hizmetleri AS,NYSE
TWLO,Twilio Inc,NYSE
TWTR,Twitter Inc,NYSE
TWO,Two Harbors Investments Corp,NYSE
TYL,Tyler Technologies Inc,NYSE
TSN,Tyson Foods Inc,NYSE
USB,US Bancorp,NYSE
UBS,UBS AG,NYSE
UDR,UDR Inc,NYSE
UGI,UGI Corporation,NYSE
UGP,Ultrapar Participacoes SA,NYSE
UA,Under Armour Inc,NYSE
UAA,Under Armour Inc,NYSE
UN,Unilever NV,NYSE
UL,Unilever PLC,NYSE
UNP,Union Pacific Corporation,NYSE
UMC,United Microelectronics Corporation,NYSE
UPS,United Parcel Service Inc,NYSE
URI,United Rentals Inc,NYSE
USM,United States Cellular Corporation,NYSE
X,United States Steel Corporation,NYSE
UTX,United Technologies Corporation,NYSE
UNH,UnitedHealth Group Incorporated,NYSE
UNVR,Univar Inc,NYSE
UHS,Universal Health Services Inc,NYSE
UNM,Unum Group,NYSE
USFD,US Foods Holding Corp,NYSE
USG,USG Corporation,NYSE
VFC,VF Corporation,NYSE
MTN,Vail Resorts Inc,NYSE
VALE,VALE SA,NYSE
VLO,Valero Energy Corporation,NYSE
VVV,Valvoline Inc,NYSE
VAR,Varian Medical Systems Inc,NYSE
VEEV,Veeva Systems Inc,NYSE
VTR,Ventas Inc,NYSE
VER,VEREIT Inc,NYSE
VZ,Verizon Communications Inc,NYSE
VET,Vermilion Energy Inc,NYSE
VSM,Versum Materials Inc,NYSE
VICI,VICI Properties Inc,NYSE
VIPS,Vipshop Holdings Limited,NYSE
V,Visa Inc,NYSE
VST,Vistra Energy Corp,NYSE
VMW,Vmware Inc,NYSE
VNO,Vornado Realty Trust,NYSE
VOYA,Voya Financial Inc,NYSE
VMC,Vulcan Materials Company,NYSE
WPC,WP Carey Inc,NYSE
WRB,WR Berkley Corporation,NYSE
GRA,WR Grace & Co,NYSE
GWW,WW Grainger Inc,NYSE
WBC,Wabco Holdings Inc,NYSE
WMT,Walmart Inc,NYSE
DIS,Walt Disney Company (The),NYSE
WCN,Waste Connections Inc,NYSE
WM,Waste Management Inc,NYSE
WAT,Waters Corporation,NYSE
WSO,Watsco Inc,NYSE
W,Wayfair Inc,NYSE
WBS,Webster Financial Corporation,NYSE
WEC,WEC Energy Group Inc,NYSE
WRI,Weingarten Realty Investors,NYSE
WCG,WellCare Health Plans Inc,NYSE
WFC,Wells Fargo & Company,NYSE
WELL,Welltower Inc,NYSE
WST,West Pharmaceutical Services Inc,NYSE
WAL,Western Alliance Bancorporation,NYSE
WES,Western Midstream Partners LP,NYSE
WU,Western Union Company (The),NYSE
WAB,Westinghouse Air Brake Technologies Corporation,NYSE
WLK,Westlake Chemical Corporation,NYSE
WBK,Westpac Banking Corporation,NYSE
WRK,Westrock Company,NYSE
WEX,WEX Inc,NYSE
WY,Weyerhaeuser Company,NYSE
WPM,Wheaton Precious Metals Corp,NYSE
WHR,Whirlpool Corporation,NYSE
WMB,Williams Companies Inc (The),NYSE
WSM,Williams-Sonoma Inc,NYSE
WIT,Wipro Limited,NYSE
WWE,World Wrestling Entertainment Inc,NYSE
WP,Worldpay Inc,NYSE
WPP,WPP plc,NYSE
WPX,WPX Energy Inc,NYSE
WYND,Wyndham Destinations Inc,NYSE
WH,Wyndham Hotels & Resorts Inc,NYSE
XRX,Xerox Corporation,NYSE
XPO,XPO Logistics Inc,NYSE
XYL,Xylem Inc,NYSE
YPF,YPF Sociedad Anonima,NYSE
YUMC,Yum China Holdings Inc,NYSE
YUM,Yum! Brands Inc,NYSE
ZAYO,Zayo Group Holdings Inc,NYSE
ZEN,Zendesk Inc,NYSE
ZBH,Zimmer Biomet Holdings Inc,NYSE
ZTS,Zoetis Inc,NYSE
ZTO,ZTO Express (Cayman) Inc,NYSE
CQP,Cheniere Energy Partners LP,AMEX
LNG,Cheniere Energy Inc,AMEX
IMO,Imperial Oil Limited,AMEX
SEB,Seaboard Corporation,AMEX
